{"main":"american-flights-rest-api.raml","name":"American Flights REST API","organizationId":"6eb559d5-989b-4ff7-91f7-64e67fbb81fc","groupId":"6eb559d5-989b-4ff7-91f7-64e67fbb81fc","assetId":"american-flights-rest-api","version":"1.0.2","metadata":{"branchId":"master","commitId":"a4b86232da90009e1a490623d762b3d9da75b359","projectId":"09501dfb-0e71-4687-ad65-b199ec0fc099"},"apiVersion":"v1","classifier":"raml","dependencies":[{"assetId":"training-american-flight-data-type","groupId":"68ef9520-24e9-4cf2-b2f5-620025690913","version":"1.0.1"},{"assetId":"training-american-flights-example","groupId":"68ef9520-24e9-4cf2-b2f5-620025690913","version":"1.0.1"}],"tags":[],"originalFormatVersion":"1.0"}